Campaign Name,Status,Media Cost,3rd Party CPM Fees,3rd Party CPC Fees,Impressions,Clicks,MMP Installs,Convs,MMP Convs,eCPM,CTR,CVR,MMP CPI,eCPC,eCPA,eCPI,Labels,Secondary Conversions,Conversion Revenue,ROAS,Lifetime Budget,Daily Budget,Flight Date Start,Flight Date End,eCPE,Overall Pacing,Projected Daily Spend,MLOT,Daily Spend Needed,Spent Yesterday,Audio Completion Rate,eCPCL,Companion Banner Viewed,Goal Value,Goal Type,Bidding,Flight ID
BLS_Control_CSG_International_Display_BLS-BrandAwareness_2026-07-22,Live,"$1,173.47",$0.00,$0.00,"316,787",776,0,0,0,$3.70,0.25%,0.00%,n/a,$1.51,n/a,n/a,"",0,$0.00,0.00%,"$3,750.00",,2026/07/22,2026/08/10,n/a,100.00%,187.275931,$0.00,$187.46,$187.53,0.00%,$0.00,0,Scale (Budget Delivery): N/A,Scale (Budget Delivery),$5.00 CPM,3601589
BLS_Exposed_CSG_International_Display_BLS-BrandAwareness_2026-07-22,Live,$889.85,$0.00,$0.00,"190,530",375,0,0,0,$4.67,0.20%,0.00%,n/a,$2.37,n/a,n/a,"",0,$0.00,0.00%,"$3,750.00",,2026/07/22,2026/08/10,n/a,83.37%,207.536864,$623.49,$207.95,$208.05,0.00%,$0.00,0,Scale (Budget Delivery): N/A,Scale (Budget Delivery),$5.00 CPM,3601588
SA_296815_4088_8688889_Novartis_US Onco_People v Cancer_Q3_2026_PV,Live,$190.22,$0.00,$0.00,"74,225",40,0,0,0,$2.56,0.05%,0.00%,$0.00,$4.76,n/a,$0.00,"",0,$0.00,0.00%,$800.00,,2026/07/15,2026/09/08,n/a,99.57%,13.652418,$3.43,$14.21,$14.22,0.00%,$0.00,0,Scale (Budget Delivery): N/A,Scale (Budget Delivery),$3.00 CPM,3597049
SA_DOOH_309517_4117_8746253_Zoetis_Opportunity_Purple Strategies_Q3_2026_VV,Live,$33.39,$0.00,$0.00,"3,435",0,0,0,0,$9.72,0.00%,n/a,$0.00,n/a,n/a,$0.00,"",0,$0.00,0.00%,"$1,400.00",,2026/07/15,2026/10/15,n/a,26.60%,42.672425,"$1,027.13",$17.21,$17.47,0.00%,$0.00,0,Scale (Budget Delivery): N/A,Scale (Budget Delivery),$12.00 CPM,3593749
SA_CTV_309517_4117_8746252_Zoetis_Opportunity_Purple Strategies_Q3_2026_VV,Live,$33.39,$0.00,$0.00,"1,937",0,0,0,0,$17.24,0.00%,n/a,$0.00,n/a,n/a,$0.00,"",0,$0.00,0.00%,$540.00,,2026/07/14,2026/10/15,n/a,99.85%,14.591072,$0.00,$6.36,$6.38,0.00%,$0.00,0,Scale (Budget Delivery): N/A,Scale (Budget Delivery),$18.00 CPM,3592980
CSG_Australia_Display,Live,"$6,553.68",$0.00,$0.00,"1,317,286",494,0,139,0,$4.98,0.04%,28.14%,n/a,$13.27,$47.15,n/a,"",0,"$4,344.53",66.29%,,$200.00,2026/06/17,2026/08/07,n/a,,49.627608,$150.37,$200.00,$138.51,0.00%,$0.00,0,"CPA: $80.00, Scale (Budget Delivery): N/A","CPA, Scale (Budget Delivery)",$5.00 CPM,3489641
CSG_Canada_Display,Live,"$7,227.21",$0.00,$0.00,"609,060","1,836",0,67,0,$11.87,0.30%,3.65%,n/a,$3.94,$107.87,n/a,"",0,"$3,362.88",46.53%,,$200.00,2026/06/17,2026/08/07,n/a,,200.0,$0.00,$200.00,$200.09,0.00%,$0.00,0,"CPA: $80.00, Scale (Budget Delivery): N/A","CPA, Scale (Budget Delivery)",$12.00 CPM,3489626
test,Draft,$0.00,$0.00,$0.00,0,0,0,0,0,n/a,n/a,n/a,$0.00,n/a,n/a,$0.00,"",0,$0.00,0.00%,$300.00,,2026/07/14,n/a,n/a,,,n/a,N/A,$0.00,0.00%,$0.00,0,Scale (Budget Delivery): N/A,Scale (Budget Delivery),$15.00 CPM,3593068
SA_309517_4116_8746302_Zoetis_Purple Strategies_Q3_2026_PV,Draft,n/a,n/a,n/a,0,0,0,0,0,n/a,n/a,n/a,n/a,n/a,n/a,n/a,"",0,n/a,n/a,$450.00,,2026/07/14,2026/07/20,n/a,,,n/a,N/A,$0.00,n/a,n/a,0,Scale (Budget Delivery): N/A,Scale (Budget Delivery),$6.00 CPM,
Copy of SA_301139_4099_8716657_Rensselaer Polytechnic Institute_Q&A Article #2_Q2_2026_PV,Draft,$0.00,$0.00,$0.00,0,0,0,0,0,n/a,n/a,n/a,$0.00,n/a,n/a,$0.00,"",0,$0.00,0.00%,$300.00,,2026/05/27,2026/06/02,n/a,,,n/a,N/A,$0.00,0.00%,$0.00,0,Scale (Budget Delivery): N/A,Scale (Budget Delivery),$3.00 CPM,3439351
Copy of Copy of SA_301139_4094_8716656_Rensselaer Polytechnic Institute_Q&A Article #1_Q2_2026_PV,Draft,$0.00,$0.00,$0.00,0,0,0,0,0,n/a,n/a,n/a,$0.00,n/a,n/a,$0.00,"",0,$0.00,0.00%,$500.00,,2026/05/27,2026/06/30,n/a,,,n/a,N/A,$0.00,0.00%,$0.00,0,Scale (Budget Delivery): N/A,Scale (Budget Delivery),$3.00 CPM,3439350
Copy of Copy of SA_301139_4094_8716656_Rensselaer Polytechnic Institute_Q&A Article #1_Q2_2026_PV,Draft,$0.00,$0.00,$0.00,0,0,0,0,0,n/a,n/a,n/a,$0.00,n/a,n/a,$0.00,"",0,$0.00,0.00%,$300.00,,2026/05/27,n/a,n/a,,,n/a,N/A,$0.00,0.00%,$0.00,0,Scale (Budget Delivery): N/A,Scale (Budget Delivery),$4.00 CPM,3439349
Copy of SA_301139_4094_8716656_Rensselaer Polytechnic Institute_Q&A Article #1_Q2_2026_PV,Draft,n/a,n/a,n/a,0,0,0,0,0,n/a,n/a,n/a,n/a,n/a,n/a,n/a,"",0,n/a,n/a,$500.00,,2026/05/27,2026/06/30,n/a,,,n/a,N/A,$0.00,n/a,n/a,0,Scale (Budget Delivery): N/A,Scale (Budget Delivery),$3.00 CPM,
Copy of SA_301139_4094_8716656_Rensselaer Polytechnic Institute_Q&A Article #1_Q2_2026_PV,Draft,$0.00,$0.00,$0.00,0,0,0,0,0,n/a,n/a,n/a,$0.00,n/a,n/a,$0.00,"",0,$0.00,0.00%,$300.00,,2026/05/27,n/a,n/a,,,n/a,N/A,$0.00,0.00%,$0.00,0,Scale (Budget Delivery): N/A,Scale (Budget Delivery),$4.00 CPM,3438183
test,Draft,$0.00,$0.00,$0.00,0,0,0,0,0,n/a,n/a,n/a,$0.00,n/a,n/a,$0.00,"",0,$0.00,0.00%,$300.00,,2026/05/21,n/a,n/a,,,n/a,N/A,$0.00,0.00%,$0.00,0,Scale (Budget Delivery): N/A,Scale (Budget Delivery),$6.00 CPM,3426772
SA_297831_4085_Explore Minnesota_Custom Article #1_Q2_2026_PV,Draft,$0.00,$0.00,$0.00,0,0,0,0,0,n/a,n/a,n/a,$0.00,n/a,n/a,$0.00,"",0,$0.00,0.00%,$300.00,,2026/04/27,n/a,n/a,,,n/a,N/A,$0.00,0.00%,$0.00,0,Scale (Budget Delivery): N/A,Scale (Budget Delivery),$6.00 CPM,3340627
SA_296351_Waymo_Syndicated Article_Q2_2026_PV,Draft,$0.00,$0.00,$0.00,0,0,0,0,0,n/a,n/a,n/a,$0.00,n/a,n/a,$0.00,"",0,$0.00,0.00%,$300.00,,2026/04/23,n/a,n/a,,,n/a,N/A,$0.00,0.00%,$0.00,0,Scale (Budget Delivery): N/A,Scale (Budget Delivery),$35.00 CPM,3335921
XYZ,Draft,$0.00,$0.00,$0.00,0,0,0,0,0,n/a,n/a,n/a,$0.00,n/a,n/a,$0.00,"",0,$0.00,0.00%,$300.00,,2026/03/31,n/a,n/a,,,n/a,N/A,$0.00,0.00%,$0.00,0,Scale (Budget Delivery): N/A,Scale (Budget Delivery),$5.00 CPM,3259275
A,Draft,$0.00,$0.00,$0.00,0,0,0,0,0,n/a,n/a,n/a,$0.00,n/a,n/a,$0.00,"",0,$0.00,0.00%,$300.00,,2026/03/30,n/a,n/a,,,n/a,N/A,$0.00,0.00%,$0.00,0,Scale (Budget Delivery): N/A,Scale (Budget Delivery),$5.00 CPM,3247880
tktktktktktk,Draft,$0.00,$0.00,$0.00,0,0,0,0,0,n/a,n/a,n/a,$0.00,n/a,n/a,$0.00,"",0,$0.00,0.00%,$300.00,,2026/03/26,n/a,n/a,,,n/a,N/A,$0.00,0.00%,$0.00,0,Scale (Budget Delivery): N/A,Scale (Budget Delivery),$14.00 CPM,3232721
TKTKTK,Draft,$0.00,$0.00,$0.00,0,0,0,0,0,n/a,n/a,n/a,$0.00,n/a,n/a,$0.00,"",0,$0.00,0.00%,$300.00,,2026/03/26,n/a,n/a,,,n/a,N/A,$0.00,0.00%,$0.00,0,Scale (Budget Delivery): N/A,Scale (Budget Delivery),$14.00 CPM,3232456
SA_290919_Deloitte Monitor Institute_Custom Content_Dec 25_PV,Draft,$0.00,$0.00,$0.00,0,0,0,0,0,n/a,n/a,n/a,$0.00,n/a,n/a,$0.00,"",0,$0.00,0.00%,"$4,410.00",,2025/12/15,2025/12/24,n/a,,,n/a,N/A,$0.00,0.00%,$0.00,0,Scale (Budget Delivery): N/A,Scale (Budget Delivery),$6.00 CPM,2883757
SA_293406_Clinique_Q4 2025_Digital_Dec_PV,Draft,n/a,n/a,n/a,0,0,0,0,0,n/a,n/a,n/a,n/a,n/a,n/a,n/a,"",0,n/a,n/a,"$1,320.00",,2025/12/09,2025/12/19,n/a,,,n/a,N/A,$0.00,n/a,n/a,0,Scale (Budget Delivery): N/A,Scale (Budget Delivery),$0.60 CPC,
Demo Test,Draft,$0.00,$0.00,$0.00,0,0,0,0,0,n/a,n/a,n/a,$0.00,n/a,n/a,$0.00,"",0,$0.00,0.00%,$300.00,,2025/11/18,n/a,n/a,,,n/a,N/A,$0.00,0.00%,$0.00,0,Scale (Budget Delivery): N/A,Scale (Budget Delivery),$35.00 CPM,2807869
OOH CPM test,Draft,$0.00,$0.00,$0.00,0,0,0,0,0,n/a,n/a,n/a,$0.00,n/a,n/a,$0.00,"",0,$0.00,0.00%,"$8,000.00",,2025/08/01,n/a,n/a,,,n/a,N/A,$0.00,0.00%,$0.00,0,Scale (Budget Delivery): N/A,Scale (Budget Delivery),$15.00 CPM,2503406
Test123,Draft,$0.00,$0.00,$0.00,0,0,0,0,0,n/a,n/a,n/a,$0.00,n/a,n/a,$0.00,"",0,$0.00,0.00%,$300.00,,2025/07/21,n/a,n/a,,,n/a,N/A,$0.00,0.00%,$0.00,0,Scale (Budget Delivery): N/A,Scale (Budget Delivery),$35.00 CPM,2468995
TEst,Draft,$0.00,$0.00,$0.00,0,0,0,0,0,n/a,n/a,n/a,$0.00,n/a,n/a,$0.00,"",0,$0.00,0.00%,$300.00,,2025/05/21,n/a,n/a,,,n/a,N/A,$0.00,0.00%,$0.00,0,Scale (Budget Delivery): N/A,Scale (Budget Delivery),$5.00 CPM,2329243
251804_Edge of Reason - Season 2_Audio_3921,Draft,n/a,n/a,n/a,0,0,0,0,0,n/a,n/a,n/a,n/a,n/a,n/a,n/a,"",0,n/a,n/a,$500.00,,2024/12/09,2024/12/31,n/a,,,n/a,N/A,$0.00,n/a,n/a,0,Scale (Budget Delivery): N/A,Scale (Budget Delivery),$10.00 CPM,
SA_301139_8718222_Rensselaer Polytechnic Institute_Custom Video #2_Q2_2026_VV,Ended,$200.53,$0.00,$0.00,"11,877",0,0,0,0,$16.88,0.00%,n/a,$0.00,n/a,n/a,$0.00,"",0,$0.00,0.00%,$500.00,,2026/06/23,2026/06/30,n/a,,,n/a,N/A,$0.00,0.00%,$0.00,0,Scale (Budget Delivery): N/A,Scale (Budget Delivery),$18.00 CPM,3515782
SA_297839_4113_8724049_Seabourn_Q&A Article_Q2_2026_PV,Ended,$431.87,$0.00,$0.00,"82,878",32,0,0,0,$5.21,0.04%,0.00%,$0.00,$13.50,n/a,$0.00,"",0,$0.00,0.00%,$430.00,,2026/06/22,2026/07/15,n/a,,,n/a,N/A,$0.00,0.00%,$0.00,0,Scale (Budget Delivery): N/A,Scale (Budget Delivery),$6.00 CPM,3514050
SA_301139_8718222_Rensselaer Polytechnic Institute_Custom Video #3_Q2_2026_VV,Ended,$689.16,$0.00,$0.00,"73,620",0,0,0,0,$9.36,0.00%,n/a,$0.00,n/a,n/a,$0.00,"",0,$0.00,0.00%,"$1,500.00",,2026/06/22,2026/06/30,n/a,,,n/a,N/A,$0.00,0.00%,$0.00,0,Scale (Budget Delivery): N/A,Scale (Budget Delivery),$10.00 CPM,3513245
CTV_301139_8718222_Rensselaer Polytechnic Institute_Custom Video_Q2_2026_Colleen_VV,Ended,$499.02,$0.00,$0.00,"31,109",0,0,0,0,$16.04,0.00%,n/a,$0.00,n/a,n/a,$0.00,"",0,$0.00,0.00%,$500.00,,2026/06/01,2026/06/30,n/a,,,n/a,N/A,$0.00,0.00%,$0.00,0,Scale (Budget Delivery): N/A,Scale (Budget Delivery),$18.00 CPM,3462181
SA_301139_4100_8716658_Rensselaer Polytechnic Institute_Q&A Article #3_Q2_2026_PV,Ended,$566.20,$0.00,$0.00,"220,948",217,0,0,0,$2.56,0.10%,0.00%,$0.00,$2.61,n/a,$0.00,"",0,$0.00,0.00%,$600.00,,2026/05/29,2026/06/30,n/a,,,n/a,N/A,$0.00,0.00%,$0.00,0,Scale (Budget Delivery): N/A,Scale (Budget Delivery),$3.00 CPM,3439357
SA_301139_4099_8716657_Rensselaer Polytechnic Institute_Q&A Article #2_Q2_2026_PV,Ended,$565.87,$0.00,$0.00,"221,598",196,0,0,0,$2.55,0.09%,0.00%,$0.00,$2.89,n/a,$0.00,"",0,$0.00,0.00%,$600.00,,2026/05/27,2026/06/30,n/a,,,n/a,N/A,$0.00,0.00%,$0.00,0,Scale (Budget Delivery): N/A,Scale (Budget Delivery),$3.00 CPM,3438199
CSGContentPromotion_Native_PremiumPublishersProspecting_US,Ended,"$2,970.20",$0.00,$0.00,"510,342","1,632",0,217,0,$5.82,0.32%,13.30%,n/a,$1.82,$13.69,n/a,"",0,"$13,009.42",438.00%,,$525.00,2026/06/04,2026/07/04,n/a,,,n/a,N/A,$0.00,0.00%,$0.00,0,"CPA: $60.00, CTR: 1%, Scale (Budget Delivery): N/A","CPA, CTR, Scale (Budget Delivery)",$6.00 CPM,3438124
SA_297839_686504_Seabourn_Conversations_Digital Experiential_Q2_2026_Imp_Native,Ended,$749.14,$0.00,$0.00,"305,407",89,0,0,0,$2.45,0.03%,0.00%,$0.00,$8.42,n/a,$0.00,"",0,$0.00,0.00%,"$1,000.00",,2026/05/15,2026/05/30,n/a,,,n/a,N/A,$0.00,0.00%,$0.00,0,Scale (Budget Delivery): N/A,Scale (Budget Delivery),$3.00 CPM,3412514
SA_297839_686504_Seabourn_Conversations_Digital Experiential_Q2_2026_Imp,Ended,$0.00,$0.00,$0.00,0,0,0,0,0,n/a,n/a,n/a,$0.00,n/a,n/a,$0.00,"",0,$0.00,0.00%,$750.00,,2026/05/15,2026/05/30,n/a,,,n/a,N/A,$0.00,0.00%,$0.00,0,Scale (Budget Delivery): N/A,Scale (Budget Delivery),$3.00 CPM,3412325
S2_Podcast_Stackadapt_290970_8621535_Ferrero_SweetsUnwrappedS2_FY2026_4090_Audio,Ended,"$1,000.17",$0.00,$0.00,"79,225",19,0,0,0,$12.62,0.02%,0.00%,$0.00,$52.64,n/a,$0.00,Podcast,0,$0.00,0.00%,"$1,000.00",,2026/05/14,2026/06/30,n/a,,,n/a,N/A,$0.00,99.49%,$0.01,0,Scale (Budget Delivery): N/A,Scale (Budget Delivery),$15.00 CPM,3410174
SA_290970_4089_8621535_Ferrero_SweetsUnwrappedS2_Q2_2026_PV,Ended,$219.50,$0.00,$0.00,"277,142","1,205",0,0,0,$0.79,0.43%,0.00%,$0.00,$0.18,n/a,$0.00,"",0,$0.00,0.00%,$300.00,,2026/05/14,2026/06/26,n/a,,,n/a,N/A,$0.00,0.00%,$0.00,0,Scale (Budget Delivery): N/A,Scale (Budget Delivery),$3.00 CPM,3408770
SA_301139_4094_8716656_Rensselaer Polytechnic Institute_Q&A Article #1_Q2_2026_PV,Ended,$442.06,$0.00,$0.00,"174,737",144,0,0,0,$2.53,0.08%,0.00%,$0.00,$3.07,n/a,$0.00,"",0,$0.00,0.00%,$450.00,,2026/05/11,2026/06/30,n/a,,,n/a,N/A,$0.00,0.00%,$0.00,0,Scale (Budget Delivery): N/A,Scale (Budget Delivery),$3.00 CPM,3399983
SA_301139_4094_8716656_Rensselaer Polytechnic Institute_Q&A Article #1_Q2_2026_PV,Ended,$0.00,$0.00,$0.00,0,0,0,0,0,n/a,n/a,n/a,$0.00,n/a,n/a,$0.00,"",0,$0.00,0.00%,$300.00,,2026/05/11,2026/05/17,n/a,,,n/a,N/A,$0.00,0.00%,$0.00,0,Scale (Budget Delivery): N/A,Scale (Budget Delivery),$4.00 CPM,3399332
SA_297831_4086_8688917_Explore Minnesota_Food_Q2_2026_PV,Ended,$640.78,$0.00,$0.00,"340,192",790,0,0,0,$1.88,0.23%,0.00%,$0.00,$0.81,n/a,$0.00,"",0,$0.00,0.00%,$700.00,,2026/04/30,2026/06/30,n/a,,,n/a,N/A,$0.00,0.00%,$0.00,0,Scale (Budget Delivery): N/A,Scale (Budget Delivery),$3.00 CPM,3352042
SA_298756_4084_8670075_Humana_Centerwell Custom Articles_Q2_2026_PV,Ended,$303.11,$0.00,$0.00,"195,274",485,0,0,0,$1.55,0.25%,0.00%,$0.00,$0.62,n/a,$0.00,"",0,$0.00,0.00%,"$1,500.00",,2026/04/29,2026/05/05,n/a,,,n/a,N/A,$0.00,0.00%,$0.00,0,Scale (Budget Delivery): N/A,Scale (Budget Delivery),$3.00 CPM,3346541
SA_298756_4084_8670075_Humana_Centerwell Custom Articles_Q2_2026_PV,Ended,$0.00,$0.00,$0.00,0,0,0,0,0,n/a,n/a,n/a,$0.00,n/a,n/a,$0.00,"",0,$0.00,0.00%,$300.00,,2026/05/06,2026/05/06,n/a,,,n/a,N/A,$0.00,0.00%,$0.00,0,Scale (Budget Delivery): N/A,Scale (Budget Delivery),$3.00 CPM,3387197
SA_298756_4084_8670075_Humana_Centerwell Custom Articles_Q2_2026_PV,Ended,$908.69,$0.00,$0.00,"361,263",650,0,0,0,$2.52,0.18%,0.00%,$0.00,$1.40,n/a,$0.00,"",0,$0.00,0.00%,"$1,500.00",,2026/05/06,2026/06/10,n/a,,,n/a,N/A,$0.00,0.00%,$0.00,0,Scale (Budget Delivery): N/A,Scale (Budget Delivery),$3.00 CPM,3387316
SA_281983_3998_ 8699184_Merck_via Spectrum_Syndicated Content_Q2_2026_PV,Ended,$720.00,$0.00,$0.00,"343,268",603,0,0,0,$2.10,0.18%,0.00%,$0.00,$1.19,n/a,$0.00,"",0,$0.00,0.00%,$720.00,,2026/04/30,2026/06/11,n/a,,,n/a,N/A,$0.00,0.00%,$0.00,0,Scale (Budget Delivery): N/A,Scale (Budget Delivery),$3.00 CPM,3344758
SA_297831_4085_8688903_Explore Minnesota_Custom Article #1_Q2_2026_PV,Ended,$900.81,$0.00,$0.00,"336,708",534,0,0,0,$2.68,0.16%,0.00%,$0.00,$1.69,n/a,$0.00,"",0,$0.00,0.00%,"$2,025.00",,2026/04/28,2026/06/30,n/a,,,n/a,N/A,$0.00,0.00%,$0.00,0,Scale (Budget Delivery): N/A,Scale (Budget Delivery),$3.00 CPM,3340629
SA_296351_Waymo_Syndicated Article_Q2_2026_PV,Ended,"$11,576.99",$0.00,$0.00,"4,316,950","4,983",0,0,0,$2.68,0.12%,0.00%,$0.00,$2.32,n/a,$0.00,"",0,$0.00,0.00%,"$13,500.00",,2026/04/27,2026/06/07,n/a,,,n/a,N/A,$0.00,0.00%,$0.00,0,Scale (Budget Delivery): N/A,Scale (Budget Delivery),$3.00 CPM,3335938
SA_300327_4080_8680054_TIAA_Enterprise Campaign_Q2 2026_PV,Ended,"$2,811.52",$0.00,$0.00,"1,060,401","5,255",0,0,0,$2.65,0.50%,0.00%,$0.00,$0.54,n/a,$0.00,"",0,$0.00,0.00%,"$2,812.00",,2026/04/15,2026/05/31,n/a,,,n/a,N/A,$0.00,0.00%,$0.00,0,Scale (Budget Delivery): N/A,Scale (Budget Delivery),$3.00 CPM,3315171
SA_297839_Seabourn_Conversations_Digital Experiential_Q2 2026_Imp,Ended,$165.81,$0.00,$0.00,"42,198",59,0,0,0,$3.93,0.14%,0.00%,$0.00,$2.81,n/a,$0.00,"",0,$0.00,0.00%,$400.00,,2026/04/02,2026/06/30,n/a,,,n/a,N/A,$0.00,0.00%,$0.00,0,Scale (Budget Delivery): N/A,Scale (Budget Delivery),$4.00 CPM,3277485
SA_297254_4017_J&J_Shaping Multiple Myeloma Care_Q1 2026_PV,Ended,"$1,500.23",$0.00,$0.00,"523,680","2,279",0,0,0,$2.86,0.44%,0.00%,$0.00,$0.66,n/a,$0.00,"",0,$0.00,0.00%,"$1,500.00",,2026/03/26,2026/04/20,n/a,,,n/a,N/A,$0.00,0.00%,$0.00,0,Scale (Budget Delivery): N/A,Scale (Budget Delivery),$3.00 CPM,3233926
SA_291979_Regeneron STS Renewal Campaign_4065_Q1 2026_PV,Ended,"$1,290.07",$0.00,$0.00,"447,683","1,293",0,0,0,$2.88,0.29%,0.00%,$0.00,$1.00,n/a,$0.00,"",0,$0.00,0.00%,"$1,290.00",,2026/03/06,2026/03/31,n/a,,,n/a,N/A,$0.00,0.00%,$0.00,0,Scale (Budget Delivery): N/A,Scale (Budget Delivery),$3.00 CPM,3176924
AisFor_Display_PremiumPublisherProspecting_NASH,Ended,"$16,661.07",$0.00,$0.00,"3,414,918","1,481",0,241,0,$4.88,0.04%,16.27%,n/a,$11.25,$69.13,n/a,"",0,"$11,177.21",67.09%,"$16,661.00",,2026/01/28,2026/03/31,n/a,,,n/a,N/A,$0.00,0.00%,$0.00,0,"Scale (Budget Delivery): N/A, CPA: $80.00","Scale (Budget Delivery), CPA",$5.00 CPM,2992910
AisFor_Display_PremiumPublisherProspecting_BOS,Ended,"$11,852.99",$0.00,$0.00,"2,412,052",918,0,450,0,$4.91,0.04%,49.02%,n/a,$12.91,$26.34,n/a,"",0,"$18,639.63",157.26%,"$12,000.00",,2026/01/28,2026/03/24,n/a,,,n/a,N/A,$0.00,0.00%,$0.00,0,"Scale (Budget Delivery): N/A, CPA: $80.00","Scale (Budget Delivery), CPA",$5.00 CPM,2992669
AisFor_CTV_NASH,Ended,"$177,275.18",$0.00,$0.00,"5,010,952",0,0,110,0,$35.38,0.00%,n/a,n/a,n/a,"$1,611.59",n/a,"",0,"$5,567.10",3.14%,"$199,149.41",,2026/01/28,2026/03/31,n/a,,,n/a,N/A,$0.00,0.00%,$0.00,0,"Scale (Budget Delivery): N/A, CPA: $80.00","Scale (Budget Delivery), CPA",$38.00 CPM,2719895
AisFor_Audio_BOS,Ended,"$2,145.22",$0.00,$0.00,"169,071",0,0,23,0,$12.69,0.00%,n/a,n/a,n/a,$93.27,n/a,"",0,$579.88,27.03%,"$8,000.00",,2026/01/28,2026/03/24,n/a,,,n/a,N/A,$0.00,94.60%,$0.01,0,"Scale (Budget Delivery): N/A, CPA: $80.00","Scale (Budget Delivery), CPA",$15.00 CPM,2719884
AisFor_Display_Contextual_BOS,Ended,"$11,759.56",$0.00,$0.00,"2,421,519",585,0,432,0,$4.86,0.02%,73.85%,n/a,$20.10,$27.22,n/a,"",0,"$16,984.67",144.43%,"$12,000.00",,2026/01/28,2026/03/24,$116.43,,,n/a,N/A,$0.00,0.00%,$0.00,0,"Scale (Budget Delivery): N/A, CPA: $80.00","Scale (Budget Delivery), CPA",$5.00 CPM,2719871
AisFor_Display_Retargeting_BOS,Ended,"$7,926.86",$0.00,$0.00,"1,635,237","1,229",0,350,0,$4.85,0.08%,28.48%,n/a,$6.45,$22.65,n/a,"",0,"$14,097.20",177.84%,"$8,000.00",,2026/01/28,2026/03/24,n/a,,,n/a,N/A,$0.00,0.00%,$0.00,0,"Scale (Budget Delivery): N/A, CPA: $80.00","Scale (Budget Delivery), CPA",$5.00 CPM,2719862
AisFor_Display_Inventory_BOS,Ended,"$12,000.03",$0.00,$0.00,"501,579",545,0,260,0,$23.92,0.11%,47.71%,n/a,$22.02,$46.15,n/a,"",0,"$11,428.39",95.24%,"$12,000.00",,2026/01/28,2026/03/24,n/a,,,n/a,N/A,$0.00,0.00%,$0.00,0,"Scale (Budget Delivery): N/A, CPA: $80.00","Scale (Budget Delivery), CPA",$24.00 CPM,2719849
AisFor_CTV_BOS,Ended,"$49,453.44",$0.00,$0.00,"1,258,636",0,0,99,0,$39.29,0.00%,n/a,n/a,n/a,$499.53,n/a,"",0,"$4,250.47",8.59%,"$52,000.00",,2026/01/28,2026/03/24,n/a,,,n/a,N/A,$0.00,0.00%,$0.00,0,"Scale (Budget Delivery): N/A, CPA: $80.00","Scale (Budget Delivery), CPA",$56.00 CPM,2517601
AisFor_Display_Inventory_NASH,Ended,"$12,000.43",$0.00,$0.00,"501,605",727,0,113,0,$23.92,0.14%,15.54%,n/a,$16.51,$106.20,n/a,"",0,"$5,843.92",48.70%,"$12,000.00",,2026/01/28,2026/03/24,n/a,,,n/a,N/A,$0.00,0.00%,$0.00,0,"Scale (Budget Delivery): N/A, CPA: $80.00","Scale (Budget Delivery), CPA",$24.00 CPM,2517440
AisFor_Display_Retargeting_NASH,Ended,"$10,000.04",$0.00,$0.00,"2,072,414","1,715",0,185,0,$4.83,0.08%,10.79%,n/a,$5.83,$54.05,n/a,"",0,"$9,235.37",92.35%,"$10,000.00",,2026/01/28,2026/03/31,n/a,,,n/a,N/A,$0.00,0.00%,$0.00,0,"Scale (Budget Delivery): N/A, CPA: $80.00","Scale (Budget Delivery), CPA",$5.00 CPM,2517366
AisFor_Audio_NASH,Ended,"$2,238.98",$0.00,$0.00,"176,290",0,0,14,0,$12.70,0.00%,n/a,n/a,n/a,$159.93,n/a,"",0,$682.86,30.50%,"$8,000.00",,2026/01/28,2026/03/24,n/a,,,n/a,N/A,$0.00,93.35%,$0.01,0,"Scale (Budget Delivery): N/A, CPA: $80.00","Scale (Budget Delivery), CPA",$15.00 CPM,2515409
AisFor_Display_Contextual_NASH,Ended,"$15,066.49",$0.00,$0.00,"3,071,287",897,0,229,0,$4.91,0.03%,25.53%,n/a,$16.80,$65.79,n/a,"",0,"$11,157.68",74.06%,"$16,000.00",,2026/01/28,2026/03/31,n/a,,,n/a,N/A,$0.00,0.00%,$0.00,0,"Scale (Budget Delivery): N/A, CPA: $80.00","Scale (Budget Delivery), CPA",$5.00 CPM,2505147
The Most Interesting Thing In AI,Ended,$801.67,$0.00,$0.00,"44,944",15,0,0,0,$17.84,0.03%,0.00%,$0.00,$53.44,n/a,$0.00,"",0,$0.00,0.00%,$800.00,,2025/05/16,2025/06/17,n/a,,,n/a,N/A,$0.00,98.80%,$0.02,0,Scale (Budget Delivery): N/A,Scale (Budget Delivery),$22.00 CPM,2319032
"""Sweets Unwrapped"" S1 Trailers",Ended,"$1,000.41",$0.00,$0.00,"55,137",12,0,0,0,$18.14,0.02%,0.00%,$0.00,$83.37,n/a,$0.00,"",0,$0.00,0.00%,"$1,000.00",,2025/05/13,2025/06/20,n/a,,,n/a,N/A,$0.00,99.15%,$0.02,0,Scale (Budget Delivery): N/A,Scale (Budget Delivery),$24.00 CPM,2307332
Range Rover CTV test,Ended,$300.33,$0.00,$0.00,"16,320",0,0,0,0,$18.40,0.00%,n/a,$0.00,n/a,n/a,$0.00,"",0,$0.00,0.00%,$300.00,,2025/03/07,2025/03/13,n/a,,,n/a,N/A,$0.00,0.00%,$0.00,0,Scale (Budget Delivery): N/A,Scale (Budget Delivery),$20.00 CPM,2128391
Range Rover Pre-Roll,Ended,$300.25,$0.00,$0.00,"22,001",7,0,0,0,$13.65,0.03%,0.00%,$0.00,$42.89,n/a,$0.00,"",0,$0.00,0.00%,$300.00,,2025/03/07,2025/03/13,n/a,,,n/a,N/A,$0.00,0.00%,$0.00,0,"Scale (Budget Delivery): N/A, CPCV: $0.04, Viewability: 70%, Video Completion Rate: 70%","Scale (Budget Delivery), CPCV, Viewability, Video Completion Rate",$14.00 CPM,2125796
Edge Of Reason S2 Bonus Episode,Ended,"$1,000.36",$0.00,$0.00,"60,709",30,0,0,0,$16.48,0.05%,0.00%,$0.00,$33.35,n/a,$0.00,"",0,$0.00,0.00%,"$1,000.00",,2025/02/28,2025/03/06,n/a,,,n/a,N/A,$0.00,98.78%,$0.02,0,Scale (Budget Delivery): N/A,Scale (Budget Delivery),$22.00 CPM,2104982
Hauser & Wirth Custom Podcast_235621_3818_PV_S1E6,Ended,$723.13,$0.00,$0.00,"49,261",0,0,0,0,$14.68,0.00%,n/a,$0.00,n/a,n/a,$0.00,"",0,$0.00,0.00%,"$1,200.00",,2023/11/16,2023/12/15,n/a,,,n/a,N/A,$0.00,90.87%,$0.02,0,Scale (Budget Delivery): N/A,Scale (Budget Delivery),$15.00 CPM,943669
Hauser & Wirth Custom Podcast_235621_3818_PV_S1E5,Ended,"$1,068.83",$0.00,$0.00,"72,129",0,0,0,0,$14.82,0.00%,n/a,$0.00,n/a,n/a,$0.00,"",0,$0.00,0.00%,"$1,500.00",,2023/11/10,2023/12/15,n/a,,,n/a,N/A,$0.00,92.20%,$0.02,0,Scale (Budget Delivery): N/A,Scale (Budget Delivery),$15.00 CPM,936619
Hauser & Wirth Custom Podcast_235621_3818_PV_S1E4,Ended,"$1,051.55",$0.00,$0.00,"70,949",1,0,0,0,$14.82,0.00%,0.00%,$0.00,"$1,051.55",n/a,$0.00,"",0,$0.00,0.00%,"$1,500.00",,2023/11/10,2023/12/15,n/a,,,n/a,N/A,$0.00,91.39%,$0.02,0,Scale (Budget Delivery): N/A,Scale (Budget Delivery),$15.00 CPM,936618
Hauser & Wirth Custom Podcast_235621_3818_PV_S1E3,Ended,"$1,037.53",$0.00,$0.00,"70,232",1,0,0,0,$14.77,0.00%,0.00%,$0.00,"$1,037.53",n/a,$0.00,"",0,$0.00,0.00%,"$1,300.00",,2023/10/30,2023/12/15,n/a,,,n/a,N/A,$0.00,91.72%,$0.02,0,Scale (Budget Delivery): N/A,Scale (Budget Delivery),$15.00 CPM,918686
Hauser & Wirth Custom Podcast_235621_3818_PV_S1E2,Ended,"$1,200.11",$0.00,$0.00,"81,144",1,0,0,0,$14.79,0.00%,0.00%,$0.00,"$1,200.11",n/a,$0.00,"",0,$0.00,0.00%,"$1,200.00",,2023/10/30,2023/11/30,n/a,,,n/a,N/A,$0.00,92.57%,$0.02,0,Scale (Budget Delivery): N/A,Scale (Budget Delivery),$15.00 CPM,918651
Hauser & Wirth Custom Podcast_235621_3818_PV_S1E1,Ended,$905.70,$0.00,$0.00,"61,667",0,0,0,0,$14.69,0.00%,n/a,$0.00,n/a,n/a,$0.00,"",0,$0.00,0.00%,"$1,300.00",,2023/10/19,2023/12/15,n/a,,,n/a,N/A,$0.00,92.30%,$0.02,0,Scale (Budget Delivery): N/A,Scale (Budget Delivery),$15.00 CPM,904164
Sammy_test,Ended,$0.00,$0.00,$0.00,0,0,0,0,0,n/a,n/a,n/a,$0.00,n/a,n/a,$0.00,"",0,$0.00,0.00%,$300.00,,2023/09/03,2023/09/10,n/a,,,n/a,N/A,$0.00,0.00%,$0.00,0,Scale (Budget Delivery): N/A,Scale (Budget Delivery),$6.00 CPM,826953
233343_AbbVie 2023 Progress Summit Campaign_3820_PV,Ended,"$1,744.75",$0.00,$0.00,"433,758",364,0,0,0,$4.02,0.08%,0.00%,$0.00,$4.79,n/a,$0.00,"",0,$0.00,0.00%,"$5,000.00",,2023/08/14,2023/09/03,n/a,,,n/a,N/A,$0.00,0.00%,$0.00,0,"Scale (Budget Delivery): N/A, Viewability: 52%, CPC: N/A","Scale (Budget Delivery), Viewability, CPC",$4.15 CPM,820952
