Campaign Name,Campaign ID,Type,Spent,Impressions,Clicks,Conversions,Actual CPA,Conversion Rate,Actual CPC,Estimated Daily Cap,CTR,CPM,Value,ROAS,Pacing
251724_Deloitte Purpose Unfinished Business 2H_3949_PV_DSK,44152072,Native,854.99,"695,756","3,176",0,"'-",0%,0.269,0.00,0.46%,1.23,0.00,0%,
251724_Deloitte Purpose Unfinished Business 2H_3949_PV_MOB,43962507,Native,"2,857.12","2,241,858","13,444",5,571.425,0.04%,0.213,0.00,0.6%,1.27,0.00,0%,
255762_Explore Minnesota: Talent Retention & Attraction Continuation Campaign 24/25_3925_PV,44868514,Native,950.71,"1,028,173","10,794",0,"'-",0%,0.088,0.00,1.05%,0.92,0.00,0%,
259233_Genentech 2025 Events & Content_Q&A_4029_PV,47575360,Native,"1,499.28","576,312","9,278",0,"'-",0%,0.162,0.00,1.61%,2.60,0.00,0%,
265111_National Media/Johnson & Johnson Q2 2025 Partnership_3987_PV,45080919,Native,0.00,0,0,0,"'-",0%,0.000,0.00,0%,0.00,0.00,0%,
269060_Ferrero 2025 Corporate Campaign_3993_PV,45218154,Native,803.70,"319,955","10,392",0,"'-",0%,0.077,0.00,3.25%,2.51,0.00,0%,
274334_Ad Council_Gun Violence Prevention_Q&A_Q2 2025,45356189,Native,"5,109.89","5,083,626","32,198",0,"'-",0%,0.159,0.00,0.63%,1.01,0.00,0%,
277786_Humana_TAF and Custom Content_Q4 2025_8563141_4026_PV,47420717,Native,806.56,"576,086","4,782",0,"'-",0%,0.169,0.00,0.83%,1.40,0.00,0%,
277786_Humana_TAF and Custom Content_Q4 2025_8563141_4031_PV,47475744,Native,0.00,0,0,0,"'-",0%,0.000,0.00,0%,0.00,0.00,0%,
279782_Tab_AB_AAM 2025 Custom Event & Media_4031_PV,47240968,Native,"1,995.69","859,951","11,250",0,"'-",0%,0.177,0.00,1.31%,2.32,0.00,0%,
285125_Aflac Q&A Q3 2025 Content RFP_8554664_4021_PV,46790851,Native,"1,759.29","1,042,636","12,287",0,"'-",0%,0.143,0.00,1.18%,1.69,0.00,0%,
285960 | The Annie E. Casey Foundation - Sept-Nov 2025,46346133,Native,"1,241.33","2,176,183","13,890",0,"'-",0%,0.089,0.00,0.64%,0.57,0.00,0%,
287480_Washington University STL_Business of Health_Event_2025_8574442_4035_PV,47419000,Native,790.49,"629,166","5,325",0,"'-",0%,0.148,0.00,0.85%,1.26,0.00,0%,
291132_4073_Test_University of Michigan_Q2_2026_PV,49567001,Native,0.00,0,0,0,"'-",0%,0.000,0.00,0%,0.00,0.00,0%,
8723246_Test_J&J,49899695,Native,0.00,0,0,0,"'-",0%,0.000,0.00,0%,0.00,0.00,0%,
AB_259480_SMCH_Reputation Management RFP_FY25_3978_PV_MOB,44299478,Native,721.24,"364,287","3,775",0,"'-",0%,0.191,0.00,1.04%,1.98,0.00,0%,
API_TEST_DO_NOT_USE,49316900,Native,0.00,0,0,0,"'-",0%,0.000,0.00,0%,0.00,0.00,0%,
Atlantic Exchange Executive Q&A,49964256,Native,0.00,0,0,0,"'-",0%,0.000,0.00,0%,0.00,0.00,0%,
Atlantic Exchange Executive Q&A,49805635,Native,0.00,0,0,0,"'-",0%,0.000,0.00,0%,0.00,0.00,0%,
Atlantic Exchange Executive Q&A,49732941,Native,0.00,0,0,0,"'-",0%,0.000,0.00,0%,0.00,0.00,0%,
Atlantic Exchange Executive Q&A,49792652,Native,0.00,0,0,0,"'-",0%,0.000,0.00,0%,0.00,0.00,0%,
AutoGen - Syndicated 2026 (AdBook Drop ID 8723246)_test_july27th,50022705,Native,0.00,0,0,0,"'-",0%,0.000,0.00,0%,0.00,0.00,0%,
Contentful_Research RFI_Q2-Q4 2025_283563,47335550,Native,"1,999.35","1,403,577","14,787",0,"'-",0%,0.135,0.00,1.05%,1.42,0.00,0%,
Copy of 285960 | The Annie E. Casey Foundation - Sept-Nov 2025,46361776,Native,0.00,0,0,0,"'-",0%,0.000,0.00,0%,0.00,0.00,0%,
Copy of TB_297839_686504_Seabourn_Conversations_Digital Experiential_Q2_2026_Imp,49418898,Native,"1,502.97","1,062,097","47,098",0,"'-",0%,0.032,0.00,4.43%,1.42,0.00,0%,
Deloitte Monitor Institute_Custom Content,49385492,Native,0.00,0,0,0,"'-",0%,0.000,0.00,0%,0.00,0.00,0%,
Deloitte Monitor Institute_Custom Content,49392968,Native,0.00,0,0,0,"'-",0%,0.000,0.00,0%,0.00,0.00,0%,
Duplicate of Test_J&J_8723246,49994247,Native,0.00,0,0,0,"'-",0%,0.000,0.00,0%,0.00,0.00,0%,
Edge of Reason - Desktop - Dec 2024,43624956,Native,"1,882.50","2,278,597","3,115",24,78.437,0.77%,0.604,0.00,0.14%,0.83,0.00,0%,
Edge of Reason - Mobile - Dec 2024,43624952,Native,"2,768.03","627,745","10,131",98,28.245,0.97%,0.273,0.00,1.61%,4.41,0.00,0%,
J & J,48803517,Native,0.00,0,0,0,"'-",0%,0.000,0.00,0%,0.00,0.00,0%,
Johnson & Johnson Campaign - 5/30,45202070,Native,"4,780.02","4,023,217","28,303",1,"4,780.021",0%,0.169,0.00,0.7%,1.19,0.00,0%,
KPMG_BLC_TAF_2025 283665,46705269,Native,"2,343.82","3,433,442","27,581",0,"'-",0%,0.085,0.00,0.8%,0.68,0.00,0%,
New Model Launch,49969968,Native,0.00,0,0,0,"'-",0%,0.000,0.00,0%,0.00,0.00,0%,
New Model Launch,49335647,Native,0.00,0,0,0,"'-",0%,0.000,0.00,0%,0.00,0.00,0%,
New Model Launch,49705104,Native,0.00,0,0,0,"'-",0%,0.000,0.00,0%,0.00,0.00,0%,
PwC AI - Desktop - Dec 2024,43651584,Native,"1,966.26","1,162,891","2,404",196,10.032,8.15%,0.818,0.00,0.21%,1.69,0.00,0%,
PwC AI - Mobile - Dec 2024,43651591,Native,"2,988.59","617,243","11,066",358,8.348,3.24%,0.270,0.00,1.79%,4.84,0.00,0%,
Q&A Article #2,49704875,Native,0.00,0,0,0,"'-",0%,0.000,0.00,0%,0.00,0.00,0%,
SMCH_via Cage Media_Reputation Management Media RFP_FY26,49409747,Native,0.00,0,0,0,"'-",0%,0.000,0.00,0%,0.00,0.00,0%,
Syndicated 2026 (AdBook Drop ID 8723246),50011111,Native,0.00,0,0,0,"'-",0%,0.000,0.00,0%,0.00,0.00,0%,
Syndicated 2026 (AdBook Drop ID 8723246),49869983,Native,0.00,0,0,0,"'-",0%,0.000,0.00,0%,0.00,0.00,0%,
Syndicated 2026 (AdBook Drop ID 8723246),49846378,Native,0.00,0,0,0,"'-",0%,0.000,0.00,0%,0.00,0.00,0%,
Syndicated 2026 (AdBook Drop ID 8723246),49843165,Native,0.00,0,0,0,"'-",0%,0.000,0.00,0%,0.00,0.00,0%,
Syndicated 2026 (AdBook Drop ID 8723246),49846278,Native,0.00,0,0,0,"'-",0%,0.000,0.00,0%,0.00,0.00,0%,
Syndicated 2026 (AdBook Drop ID 8723246),49873906,Native,0.00,0,0,0,"'-",0%,0.000,0.00,0%,0.00,0.00,0%,
Syndicated 2026 (AdBook Drop ID 8723246),49869688,Native,0.00,0,0,0,"'-",0%,0.000,0.00,0%,0.00,0.00,0%,
Syndicated 2026 (AdBook Drop ID 8723246),49678281,Native,0.00,0,0,0,"'-",0%,0.000,0.00,0%,0.00,0.00,0%,
Syndicated 2026 (AdBook Drop ID 8723246),49846991,Native,0.00,0,0,0,"'-",0%,0.000,0.00,0%,0.00,0.00,0%,
Syndicated 2026 (AdBook Drop ID 8723246),49851226,Native,0.00,0,0,0,"'-",0%,0.000,0.00,0%,0.00,0.00,0%,
TB_269153_GSK via GCI Health_Blood cancer research + content_1H 2025_PV,47673514,Native,"1,499.97","8,879,901","30,670",0,"'-",0%,0.049,0.00,0.35%,0.17,0.00,0%,
TB_277675_4056_Bayer_2H Custom Event and Article Content_Q1 2026_PV,48758531,Native,711.24,"320,001","8,354",0,"'-",0%,0.085,0.00,2.61%,2.22,0.00,0%,
TB_277675_4056_Bayer_2H Custom Event and Article Content_Q1 2026_PV,48758422,Native,0.00,0,0,0,"'-",0%,0.000,0.00,0%,0.00,0.00,0%,
TB_281983_3998_8699184_Merck_via Spectrum_Syndicated Content_Q2_2026_PV,49142711,Native,679.87,"538,866","10,553",0,"'-",0%,0.064,0.00,1.96%,1.26,0.00,0%,
TB_287869_4069_AARP Illinois Syndicated Article_Q1 2026_PV,48484915,Native,851.75,"247,159","10,067",0,"'-",0%,0.085,0.00,4.07%,3.45,0.00,0%,
TB_290919_4037_Deloitte-Monitor-Institute-Custom-Content_Q2_2026_PV,49410630,Native,0.00,0,0,0,"'-",0%,0.000,0.00,0%,0.00,0.00,0%,
TB_290919_4037_Deloitte-Monitor-Institute-Custom-Content_Q2_2026_PV,49411856,Native,0.00,0,0,0,"'-",0%,0.000,0.00,0%,0.00,0.00,0%,
TB_290919_4037_Deloitte-Monitor-Institute-Custom-Content_Q3_2026_PV,49842953,Native,0.00,0,0,0,"'-",0%,0.000,0.00,0%,0.00,0.00,0%,
TB_290919_4037_Deloitte-Monitor-Institute-Custom-Content_Q4_2025_PV,49379985,Native,0.00,0,0,0,"'-",0%,0.000,0.00,0%,0.00,0.00,0%,
TB_290919_4037_Test_Deloitte-Monitor_Q3_2026_PV,49993970,Native,0.00,0,0,0,"'-",0%,0.000,0.00,0%,0.00,0.00,0%,
TB_290919_4037_Test_Deloitte_Q3_2026_PV,49998949,Native,0.00,0,0,0,"'-",0%,0.000,0.00,0%,0.00,0.00,0%,
TB_290919_Deloitte Monitor Institute_Custom Content_Dec 25_PV,47715276,Native,"4,995.49","43,700,324","268,435",0,"'-",0%,0.019,0.00,0.61%,0.11,0.00,0%,
TB_290919_Test_4037_Deloitte-Monitor-Institute-Custom-Content_Q2_2026_PV,49415666,Native,0.00,0,0,0,"'-",0%,0.000,0.00,0%,0.00,0.00,0%,
TB_290970_4089_8621535_Ferrero_SweetsUnwrappedS2_Q2_2026_PV,49331328,Native,299.99,"247,812","5,992",0,"'-",0%,0.050,0.00,2.42%,1.21,0.00,0%,
TB_290970_4089_Ferrero-SweetsUnwrappedS2-FY2026_Q2_2026_PV,49395238,Native,0.00,0,0,0,"'-",0%,0.000,0.00,0%,0.00,0.00,0%,
TB_290970_4090_8621503_Ferrero_SweetsUnwrappedS2_Q2_2026_VV_Episode 1,49332416,Native,0.00,0,0,0,"'-",0%,0.000,0.00,0%,0.00,0.00,0%,
TB_290970_4090_8621503_Ferrero_SweetsUnwrappedS2_Q2_2026_VV_Episode 2,49332466,Native,0.00,0,0,0,"'-",0%,0.000,0.00,0%,0.00,0.00,0%,
TB_290970_4090_8621503_Ferrero_SweetsUnwrappedS2_Q2_2026_VV_Episode 3,49332561,Native,0.00,0,0,0,"'-",0%,0.000,0.00,0%,0.00,0.00,0%,
TB_290970_4090_8621503_Ferrero_SweetsUnwrappedS2_Q2_2026_VV_Episode 4,49332595,Native,0.00,0,0,0,"'-",0%,0.000,0.00,0%,0.00,0.00,0%,
TB_290970_4090_8621503_Ferrero_SweetsUnwrappedS2_Q2_2026_VV_Episode 5,49332594,Native,0.00,0,0,0,"'-",0%,0.000,0.00,0%,0.00,0.00,0%,
TB_291088_MOCA LA Monuments Custom Content_Q1 2026_Digital,48176202,Display,0.00,0,0,0,"'-",0%,0.000,0.00,0%,0.00,0.00,0%,
TB_291132_4073_Test_UoM_ Q&A_Q3_2026,49992925,Native,0.00,0,0,0,"'-",0%,0.000,0.00,0%,0.00,0.00,0%,
TB_291979_Regeneron STS Renewal Campaign_4065_Q1 2026_Imp,48439667,Display,0.00,0,0,0,"'-",0%,0.000,0.00,0%,0.00,0.00,0%,
TB_291979_Regeneron STS Renewal Campaign_4065_Q1 2026_Imp,48439656,Native,0.00,0,0,0,"'-",0%,0.000,0.00,0%,0.00,0.00,0%,
TB_291979_Regeneron STS Renewal Campaign_4065_Q1 2026_PV,48439569,Native,"3,919.98","1,596,825","31,844",0,"'-",0%,0.123,0.00,1.99%,2.45,0.00,0%,
TB_292013_4071_Workiva | Event & Content_Q1 2026_PV,48758345,Native,804.57,"396,129","11,500",0,"'-",0%,0.070,0.00,2.9%,2.03,0.00,0%,
TB_296351_Waymo_Syndicated Article_Q2_2026_PV,49089901,Native,"11,649.18","5,663,567","77,084",0,"'-",0%,0.151,0.00,1.36%,2.06,0.00,0%,
TB_296815_4088_8688889_Novartis_US Onco_People v Cancer_Q3_2026_PV,49922578,Native,224.51,"164,278","3,461",0,"'-",0%,0.065,13.41,2.11%,1.37,0.00,0%,1.12
TB_297254_4017_J&J_Shaping Multiple Myeloma Care_Q1 2026_PV,48757966,Native,0.00,0,0,0,"'-",0%,0.000,0.00,0%,0.00,0.00,0%,
TB_297831_4085_8688903_Explore Minnesota_Custom Article #1_Q2_2026_PV,49123757,Native,849.82,"734,312","22,668",0,"'-",0%,0.037,0.00,3.09%,1.16,0.00,0%,
TB_297831_4086_8688917_Explore Minnesota_Food_Q2_2026_PV,49159537,Native,287.02,"330,430","5,112",0,"'-",0%,0.056,0.00,1.55%,0.87,0.00,0%,
TB_297839_4113_8724049_Seabourn_Q&A Article_Q2_2026_PV,49732166,Native,339.13,"388,971","4,360",0,"'-",0%,0.078,0.00,1.12%,0.87,0.00,0%,
TB_297839_686504_Seabourn_Conversations_Digital Experiential_Q2_2026_Imp,49341967,Native,985.06,"730,289","27,858",0,"'-",0%,0.035,0.00,3.81%,1.35,0.00,0%,
TB_297839_Seabourn_Conversations_Digital Experiential_Q2 2026_Imp,48821646,Native,82.67,"775,787","3,167",0,"'-",0%,0.026,0.00,0.41%,0.11,0.00,0%,
TB_298460_4093_8667311_Coca-Cola_Q2_2026_PV,49318140,Native,609.82,"460,589","5,364",0,"'-",0%,0.114,0.00,1.16%,1.32,0.00,0%,
TB_298460_4093_Coca-Cola_Q2_2026_PV,49395081,Native,0.00,0,0,0,"'-",0%,0.000,0.00,0%,0.00,0.00,0%,
TB_298756_4084_8670075_Humana_Centerwell Custom Articles_Q2_2026_PV,49144633,Native,"1,207.58","754,313","16,999",0,"'-",0%,0.071,0.00,2.25%,1.60,0.00,0%,
TB_298992_Hyatt-Alila-Renewal-2026_Q2_2026_Imp,49402200,Native,0.00,0,0,0,"'-",0%,0.000,0.00,0%,0.00,0.00,0%,
TB_300327_4080_8680054_TIAA_Enterprise Campaign_Q2 2026_PV,48989291,Native,"2,811.95","1,536,015","33,997",0,"'-",0%,0.083,0.00,2.21%,1.83,0.00,0%,
TB_300327_7143_New-Model-Launch-EQS_Q2_2026_PV,49329387,Native,0.00,0,0,0,"'-",0%,0.000,0.00,0%,0.00,0.00,0%,
TB_300327_7143_New-Model-Launch_Q2_2026_PV,49792689,Native,0.00,0,0,0,"'-",0%,0.000,0.00,0%,0.00,0.00,0%,
TB_300327_7143_New-Model-Launch_Q3_2026_PV_test_july28th,50034604,Native,0.00,0,0,0,"'-",0%,0.000,0.00,0%,0.00,0.00,0%,
TB_300327_7143_Test_New-Model-Launch_Q2_2026_PV,49546106,Native,0.00,0,0,0,"'-",0%,0.000,0.00,0%,0.00,0.00,0%,
TB_300327_7143_Test_Toyota_Q3_2026_PV,49994113,Native,0.00,0,0,0,"'-",0%,0.000,0.00,0%,0.00,0.00,0%,
TB_301139_4094_8716656_Rensselaer Polytechnic Institute_Q&A Article #1_Q2_2026_PV,49293463,Native,423.99,"349,361","7,581",0,"'-",0%,0.056,0.00,2.17%,1.21,0.00,0%,
TB_301139_4099_8716657_Rensselaer Polytechnic Institute_Q&A Article #2_Q2_2026_PV,49469516,Native,"1,722.96","1,415,618","20,128",0,"'-",0%,0.086,0.00,1.42%,1.22,0.00,0%,
TB_301139_4100_8716658_Rensselaer Polytechnic Institute_Q&A Article #3_Q2_2026_PV,49472510,Native,577.54,"477,641","10,188",0,"'-",0%,0.057,0.00,2.13%,1.21,0.00,0%,
TB_301139_4100_Q&A-Article-3_Q2_2026_PV,49680453,Native,0.00,0,0,0,"'-",0%,0.000,0.00,0%,0.00,0.00,0%,
TB_301139_4100_Q&A-Article-3_Q2_2026_PV,49792661,Native,0.00,0,0,0,"'-",0%,0.000,0.00,0%,0.00,0.00,0%,
TB_301139_4100_Test_Rensselaer Polytechnic Institute_Q&A Article #3_Q2_2026_PV,49744330,Native,0.00,0,0,0,"'-",0%,0.000,0.00,0%,0.00,0.00,0%,
TB_309517_4116_8746302_Zoetis_Purple Strategies_Q3_2026_PV,49909420,Native,0.00,0,0,0,"'-",0%,0.000,0.00,0%,0.00,0.00,0%,
TB_309517_4117_8746252_Zoetis_Opportunity_Purple Strategies_Q3_2026_VV,49911498,Native,217.04,"206,628","2,981",0,"'-",0%,0.073,0.00,1.44%,1.05,0.00,0%,
TB_4081_TeamViewer_TeamViewer 2026 Express_Q2 2026_PV,48955188,Native,"1,158.41","488,882","18,705",0,"'-",0%,0.062,0.00,3.83%,2.37,0.00,0%,
TB_Test_290919_4037_Deloitte-Monitor-Institute-Custom-Content_Q2_2026_PV,49491136,Native,0.00,0,0,0,"'-",0%,0.000,0.00,0%,0.00,0.00,0%,
TB_Test_293330_4044_SMCH_via Cage Media_Reputation Management_Q2_2026,49458904,Native,0.00,0,0,0,"'-",0%,0.000,0.00,0%,0.00,0.00,0%,
TB_Test_300327_7143_New-Model-Launch-EQS_Q2_2026_PV,49421850,Native,0.00,0,0,0,"'-",0%,0.000,0.00,0%,0.00,0.00,0%,
Tb_292929_Wellcome Photography Prize - 2025_Dec_PV,47581104,Native,999.97,"501,647","7,996",0,"'-",0%,0.125,0.00,1.59%,1.99,0.00,0%,
Tb_293406_Clinique_Q4 2025_Digital_Dec_PV,47641008,Native,"2,039.60","741,967","12,076",0,"'-",0%,0.169,0.00,1.63%,2.75,0.00,0%,
TeamViewer Q3 Awareness Campaign 287733,46361796,Native,0.00,0,0,0,"'-",0%,0.000,0.00,0%,0.00,0.00,0%,
Test,49236932,Native,0.00,0,0,0,"'-",0%,0.000,0.00,0%,0.00,0.00,0%,
Test Syndicated 2026 (AdBook Drop ID 8723246),49699158,Native,0.00,0,0,0,"'-",0%,0.000,0.00,0%,0.00,0.00,0%,
Test_J&J,50026277,Native,0.00,0,0,0,"'-",0%,0.000,0.00,0%,0.00,0.00,0%,
Test_UoM_PV,50002539,Native,0.00,0,0,0,"'-",0%,0.000,0.00,0%,0.00,0.00,0%,
Visit California_Los Angeles 2.0_Q2 2025_4005_PV,45600573,Native,"4,469.47","4,377,794","42,284",0,"'-",0%,0.106,0.00,0.97%,1.02,0.00,0%,
Visit Washington D.C,45192320,Native,"2,397.15","1,083,658","28,580",2,"1,198.575",0.01%,0.084,0.00,2.64%,2.21,0.00,0%,
test,49003469,Native,0.00,0,0,0,"'-",0%,0.000,0.00,0%,0.00,0.00,0%,
test TB_300327_7143_New-Model-Launch_Q3_2026_PV_test_27thjuly,50022118,Native,0.00,0,0,0,"'-",0%,0.000,0.00,0%,0.00,0.00,0%,
 269740_Bottega Veneta | Literary Travels ,45310678,Native,"1,951.48","2,399,566","16,226",0,"'-",0%,0.120,0.00,0.68%,0.81,0.00,0%,